youtube_id,isIncluded,videoNo,class,time_reviewed,time_start,time_end
-2jT03Kh1U4,0,0,person|motorcycle,2018-01-24T22:31:31.813Z
-3hkY1nwQpw,0,1,boat|bird,2018-01-24T22:31:45.462Z
-5-iXEEpykk,0,2,train|boat,2018-01-24T22:32:11.150Z
-5oHzS_AEGI,0,3,bus|truck,2018-01-24T22:32:23.895Z
-9nRKv7NJeY,0,4,person|motorcycle,2018-01-24T22:32:49.704Z
-ANpsYG8nzU,0,5,motorcycle|person,2018-01-24T22:33:14.583Z
-C5Ol7aXvac,0,6,horse|person,2018-01-24T22:33:18.753Z
-CT5dqstH_4,0,7,person|skateboard,2018-01-24T22:33:26.520Z
-FCoX2TrjLE,0,8,motorcycle|person,2018-01-24T22:33:37.340Z
-HPLTAGHt4Y,0,9,person|motorcycle,2018-01-24T22:33:40.659Z
-HS4cyaBkeA,0,10,motorcycle|person,2018-01-24T22:34:02.323Z
-MI-Sit8lW0,0,11,skateboard|person,2018-01-24T22:34:06.536Z
-PvOQArgxmo,0,12,elephant|person,2018-01-24T22:34:16.276Z
-RXKxOrEXTk,0,13,person|motorcycle,2018-01-24T22:34:19.912Z
-S8TC3c5CfA,0,14,person|skateboard,2018-01-24T22:34:22.894Z
-ThBBxw_IeM,0,15,horse|motorcycle,2018-01-24T22:34:28.102Z
-U29-bT-edU,0,16,person|horse,2018-01-24T22:34:31.331Z
-UTl9S0Up_k,0,17,skateboard|person,2018-01-24T22:34:37.215Z
-UccK2-w72w,0,18,person|skateboard,2018-01-24T22:34:46.124Z
-cVHtbTW2Ro,0,19,horse|person,2018-01-24T22:34:50.187Z
-evtyzsh4NE,0,20,horse|person,2018-01-24T22:34:50.231Z
-fsmlzF4_Sc,0,21,person|horse,2018-01-24T22:34:55.053Z
-hudfluh0cE,0,22,motorcycle|person,2018-01-24T22:35:06.558Z
-kKcd65GPSc,0,23,person|horse,2018-01-24T22:35:12.265Z
-kbWUbFv5Ok,0,24,person|motorcycle,2018-01-24T22:35:16.312Z
-klrXupOu7k,0,25,horse|person,2018-01-24T22:35:19.033Z
-lt7EvzxSsk,0,26,person|horse,2018-01-24T22:35:21.673Z
-m06W_YHf-s,0,27,horse|person,2018-01-24T22:35:28.848Z
-nv48oYuyRU,0,28,person|motorcycle,2018-01-24T22:35:35.327Z
-treLJgMcV8,0,29,person|motorcycle,2018-01-24T22:35:46.896Z
-uDpenVUfeM,0,30,person|horse,2018-01-24T22:35:51.969Z
-uEqsObiykk,0,31,motorcycle|person,2018-01-24T22:36:18.799Z
-w67dFjUQRY,0,32,person|horse,2018-01-24T22:36:28.775Z
-wST9uo4Meg,0,33,person|motorcycle,2018-01-24T22:36:35.586Z
-x28CZbX1-c,0,34,horse|person,2018-01-24T22:36:39.686Z
-xDMc0WERHc,0,35,skateboard|person,2018-01-24T22:36:47.982Z
00W92xBwtAw,0,36,horse|person,2018-01-24T22:36:50.682Z
00w4zgjuhoI,0,37,motorcycle|person,2018-01-24T22:37:03.005Z
01Y0VqeZ92c,0,38,person|skateboard,2018-01-24T22:37:05.648Z
02GnfIuLAO4,0,39,person|horse,2018-01-24T22:37:08.881Z
02SYWh2GLJA,0,40,person|elephant,2018-01-24T22:37:12.926Z
0307ixfTgO8,0,41,person|cow|horse,2018-01-24T22:37:19.072Z
03Lh1a8hl7k,0,42,person|cow,2018-01-24T22:37:26.018Z
04wEVTEgcjQ,0,43,horse|person,2018-01-24T22:37:31.410Z
05xAVmw8p_4,0,44,person|skateboard,2018-01-24T22:37:45.372Z
08J9lMuBf10,1,45,person|motorcycle,2018-01-25T00:03:31.574Z,4.237549,9.237549
0ArzTUzZUrc,0,46,person|motorcycle,2018-01-25T00:04:05.252Z,,
0DfG444DXr0,1,47,boat|bicycle,2018-01-25T00:06:47.109Z,0,5
0F5bVP67zJQ,0,48,horse|person,2018-01-25T00:06:53.137Z,,
0JDbKuHBo94,0,49,person|elephant,2018-01-25T00:06:58.130Z,,
0KcQTFLVUdQ,0,50,horse|person,2018-01-25T00:07:03.693Z,,
0M9Fwov0ZLU,0,51,person|elephant,2018-01-25T00:07:08.808Z,,
0NoEMzQatDo,0,52,person|elephant,2018-01-25T00:07:14.350Z,,
0Thi7VG9Vm0,0,53,person|skateboard,2018-01-25T00:07:20.877Z,,
0YANjkbTNis,0,54,horse|person,2018-01-25T00:07:26.286Z,,
0YOp-cMRWBo,0,55,person|bicycle,2018-01-25T00:07:30.733Z,,
0dqqWT0w-sQ,0,56,skateboard|person,2018-01-25T00:07:51.971Z,,
0fK7OBQ5c10,0,57,skateboard|person,2018-01-25T00:08:04.164Z,,
0hUH4i8d3w0,0,58,horse|person,2018-01-25T00:08:07.653Z,,
0l3UQE_eIHY,0,59,person|motorcycle,2018-01-25T00:08:42.865Z,,
0md4kqEY3YQ,0,60,person|bicycle,2018-01-25T00:08:47.069Z,,
0mfgawQPz6s,0,61,motorcycle|person,2018-01-25T00:08:49.542Z,,
0qml7s1p70U,0,62,person|horse,2018-01-25T00:08:51.920Z,,
0uOi0gfvLcg,0,63,person|horse,2018-01-25T00:08:55.542Z,,
0yHAqFPYyv4,0,64,bird|motorcycle,2018-01-25T00:11:14.482Z,,
0yXbM-GLHk4,0,65,person|boat,2018-01-25T00:12:13.713Z,,
11Opg-U_weE,0,66,motorcycle|person,2018-01-25T00:12:17.037Z,,
11qaHCHCT2M,0,67,skateboard|person,2018-01-25T00:12:31.412Z,,
120TWfTgIv4,0,68,person|horse,2018-01-25T00:12:50.090Z,,
130dH0FNXio,0,69,horse|person,2018-01-25T00:12:52.915Z,,
13BQECjIF6c,0,70,person|motorcycle,2018-01-25T00:12:57.580Z,,
14Kcc8YDk3I,0,71,person|motorcycle,2018-01-25T00:13:01.292Z,,
16d3BFzOMKk,0,72,person|cow,2018-01-25T00:13:04.926Z,,
17VikAYUXYg,1,73,person|horse,2018-01-25T00:13:35.099Z,0,5
18SnGE4oQcY,0,74,potted plant|bus,2018-01-25T00:14:07.117Z,,
1B3a84Few50,0,75,person|horse,2018-01-25T00:14:16.753Z,,
1KyCDdI-EtQ,0,76,horse|train,2018-01-25T00:14:19.135Z,,
1LUln4UUPL8,0,77,bird|boat,2018-01-25T00:14:24.863Z,,
1NXMgYNM5Mo,0,78,bird|boat,2018-01-25T00:14:28.819Z,,
1NXtLfubfB4,0,79,motorcycle|person,2018-01-25T00:14:33.119Z,,
1N_5SDqA21Y,0,80,horse|person,2018-01-25T00:14:37.636Z,,
1OQon6OF6Jw,0,81,person|skateboard,2018-01-25T00:14:48.684Z,,
1OSlhOosLAs,0,82,person|elephant,2018-01-25T00:15:01.042Z,,
1PSQ98gNU4k,0,83,person|elephant,2018-01-25T00:15:11.782Z,,
1Qm3N3qMhz8,0,84,skateboard|person,2018-01-25T00:15:13.131Z,,
1RgJXDNGlpU,0,85,horse|person,2018-01-25T00:15:13.191Z,,
1SWaSXzL518,0,86,person|motorcycle,2018-01-25T00:15:25.858Z,,
1TCzDr-R8Z8,0,87,person|motorcycle,2018-01-25T00:15:32.095Z,,
1ToZuUF8ghA,0,88,person|elephant,2018-01-25T00:15:36.381Z,,
1TovJTUFj8U,0,89,motorcycle|person|bicycle,2018-01-25T00:15:46.459Z,,
1_I42q9O7VQ,1,90,person|horse,2018-01-25T00:16:26.713Z,0,5
1_og_dHC8wo,0,91,cow|person,2018-01-25T00:16:33.926Z,,
1afx4ZHhXmc,0,92,cow|bus,2018-01-25T00:16:38.757Z,,
1clPyCGHDMY,0,93,person|cow,2018-01-25T00:16:41.535Z,,
1gRT1CD9P0Y,0,94,person|motorcycle,2018-01-25T00:16:51.789Z,,
1is9iM6qMV4,0,95,person|motorcycle,2018-01-25T00:16:55.299Z,,
1lb9P9ERH3A,0,96,motorcycle|bicycle,2018-01-25T00:17:02.230Z,,
1mBaStkRytY,0,97,skateboard|person,2018-01-25T00:17:07.170Z,,
1qPd6SUcKAw,0,98,person|motorcycle,2018-01-25T00:17:16.950Z,,
1rielieByiU,0,99,person|horse,2018-01-25T00:17:22.893Z,,
1sZq-UJHIuY,0,100,person|elephant,2018-01-25T11:17:25.340Z,,
1tGGUXpckPc,0,101,person|horse,2018-01-25T11:19:50.680Z,,
1u6gJahxkFU,0,102,person|motorcycle,2018-01-25T11:19:54.544Z,,
1uV8WrhTrsE,0,103,person|elephant,2018-01-25T11:19:56.192Z,,
2-BdgewBIbM,0,104,skateboard|person,2018-01-25T11:20:00.078Z,,
2-E8tSpXZP0,0,105,horse|person,2018-01-25T11:20:01.690Z,,
23QrzSUqybc,0,106,person|horse,2018-01-25T11:20:11.032Z,,
25DQ1zmRd44,0,107,horse|person,2018-01-25T11:20:14.336Z,,
25zBuCFIS6w,0,108,motorcycle|person,2018-01-25T11:20:17.661Z,,
27SO3TyE8jw,0,109,truck|bus,2018-01-25T11:20:25.217Z,,
28bUAeGuJsI,0,110,motorcycle|person,2018-01-25T11:20:30.481Z,,
2AYP1mKH4Lc,0,111,person|bus,2018-01-25T11:21:43.439Z,,
2BEObUIzV4s,0,112,person|horse,2018-01-25T11:21:45.687Z,,
2BRHNRHsYzs,0,113,skateboard|person,2018-01-25T11:21:49.951Z,,
2CGU8LvnPng,0,114,person|horse,2018-01-25T11:22:01.132Z,,
2EltJ87Q4JQ,0,115,person|motorcycle,2018-01-25T11:22:10.029Z,,
2IBlmBYgGBA,0,116,person|elephant,2018-01-25T11:22:12.710Z,,
2JcOGBKHHcc,0,117,skateboard|person,2018-01-25T11:22:20.690Z,,
2MTQ3wGBLpU,0,118,person|horse,2018-01-25T11:22:22.482Z,,
2O9m2iOOkLw,0,119,person|skateboard,2018-01-25T11:22:24.162Z,,
2QOrXCDJDQ0,0,120,skateboard|person,2018-01-25T11:22:26.165Z,,
2Uaa_wU5sdE,0,121,cow|person,2018-01-25T11:22:38.068Z,,
2Uz4pU6yO6k,0,122,person|motorcycle,2018-01-25T11:22:40.296Z,,
2XlY3FFuxw0,0,123,skateboard|person,2018-01-25T11:22:42.448Z,,
2_reLxCl-pA,0,124,person|motorcycle,2018-01-25T11:22:51.312Z,,
2b4eAh2zsns,0,125,person|elephant,2018-01-25T11:22:57.703Z,,
2bdXx-tt0tE,0,126,motorcycle|person,2018-01-25T11:23:07.647Z,,
2c2YHuMhbpA,0,127,skateboard|person,2018-01-25T11:23:13.241Z,,
2c7L50Is7c4,0,128,person|motorcycle,2018-01-25T11:23:23.453Z,,
2e9p918RZ14,0,129,person|motorcycle,2018-01-25T11:23:42.980Z,,
2exXYhvG2Ls,0,130,motorcycle|person,2018-01-25T11:23:49.485Z,,
2ifMPiPpxKo,0,131,truck|airplane,2018-01-25T11:24:01.588Z,,
2j5812kDvyk,0,132,skateboard|person,2018-01-25T11:24:14.528Z,,
2jTgcDtIBtU,0,133,motorcycle|person,2018-01-25T11:24:20.202Z,,
2kDzkTFV_7Q,1,134,person|skateboard,2018-01-26T15:42:57.830Z,8.5005,13.5005
2qc1PRPNh6s,0,135,horse|person,2018-01-26T15:43:09.689Z,,
2r_SkH-POuI,0,136,person|motorcycle,2018-01-26T15:43:13.937Z,,
2sJpoKy_Eds,0,137,person|skateboard,2018-01-26T15:43:16.771Z,,
2uFJsDSi5EE,0,138,person|motorcycle,2018-01-26T15:43:23.743Z,,
2vWqhp_GJDE,0,139,person|horse,2018-01-26T15:43:28.691Z,,
309vCmZShVc,0,140,person|motorcycle,2018-01-26T15:46:12.903Z,,
315TlplfD38,0,141,person|motorcycle,2018-01-26T15:46:38.043Z,,
33FcZm-uBWY,0,142,motorcycle|person,2018-01-26T15:46:44.859Z,,
33K5ntOf_BQ,0,143,person|cow,2018-01-26T15:46:49.563Z,,
34tV_qA5JUE,0,144,person|motorcycle,2018-01-26T15:46:52.973Z,,
35AiIGSC3KY,0,145,person|horse,2018-01-26T15:47:36.524Z,,
36p9BsuiwuA,0,146,person|motorcycle,2018-01-26T15:47:38.750Z,,
39AqosnREl8,0,147,person|motorcycle,2018-01-26T15:47:43.296Z,,
39UWETJMqew,0,148,skateboard|person,2018-01-26T15:47:48.543Z,,
39fWW_SDbnc,0,149,person|motorcycle,2018-01-26T15:47:50.531Z,,
3AHjXrBDIqk,0,150,person|horse,2018-01-26T15:47:52.747Z,,
3B8pzyCdL-8,0,151,skateboard|person,2018-01-26T15:47:55.323Z,,
3BoVeddjmrs,0,152,skateboard|person,2018-01-26T15:47:56.829Z,,
3FiPxRB5mu8,0,153,person|motorcycle,2018-01-26T15:48:00.707Z,,
3G3nl2qmEas,0,154,person|horse,2018-01-26T15:48:06.765Z,,
3Gw5TNPa2qU,0,155,bus|elephant|zebra|giraffe,2018-01-26T15:48:13.979Z,,
3HcrMMPl644,0,156,person|horse,2018-01-26T15:48:19.018Z,,
3HlUlIK4RMs,0,157,elephant|person,2018-01-26T15:48:23.452Z,,
3I45ci35cE4,0,158,boat|person,2018-01-26T15:48:43.873Z,,
3LZ_rwUEmqI,0,159,umbrella|bus,2018-01-26T15:48:50.727Z,,
3PyRqCpPODM,0,160,bicycle|motorcycle,2018-01-26T15:48:55.873Z,,
3QMZ5Lh2Kl8,0,161,person|motorcycle,2018-01-26T15:49:01.424Z,,
3RDOcRhZRRg,0,162,person|motorcycle,2018-01-26T15:49:07.742Z,,
3RpPrlYKZVU,0,163,bicycle|person,2018-01-26T15:49:15.312Z,,
3Rv8mLWJjcg,0,164,person|skateboard,2018-01-26T15:49:20.032Z,,
3SKncKCqOGw,0,165,person|horse,2018-01-26T15:49:29.352Z,,
3SNkwSP30lY,0,166,skateboard|person,2018-01-26T15:49:32.088Z,,
3UX6qRz4Sa8,0,167,person|cow,2018-01-26T15:49:40.481Z,,
3ZdjXyqDXEw,0,168,person|skateboard,2018-01-26T15:49:45.758Z,,
3Zm3BLtiSC4,0,169,person|elephant,2018-01-26T15:49:52.081Z,,
3ax2kqrMOkU,0,170,person|motorcycle,2018-01-26T15:49:59.090Z,,
3cCjRv_v-88,0,171,person|horse,2018-01-26T15:50:07.705Z,,
3kAad3AmYHs,0,172,person|elephant,2018-01-26T15:50:13.272Z,,
3mS3JeCTrmM,0,173,motorcycle|person,2018-01-26T15:50:16.439Z,,
3qztahXN8hg,0,174,person|horse,2018-01-26T15:50:20.627Z,,
3rGhoxvvb7I,0,175,person|skateboard,2018-01-26T15:50:26.088Z,,
3vv6b4jnW6Y,0,176,horse|person,2018-01-26T15:50:28.986Z,,
3w0iqwRd4Hg,0,177,umbrella|bus,2018-01-26T15:50:33.061Z,,
3wGSIajtfE4,0,178,person|horse,2018-01-26T15:50:35.810Z,,
3xYnb2WnznE,0,179,horse|motorcycle,2018-01-26T15:50:38.498Z,,
404awzr8dMM,0,180,motorcycle|bicycle,2018-01-26T15:50:41.291Z,,
44PMZnKMLdQ,0,181,dog|person|motorcycle,2018-01-26T15:50:45.389Z,,
46KipPbgbk0,0,182,horse|person,2018-01-26T15:50:47.014Z,,
47G-yPK7SXo,0,183,motorcycle|person,2018-01-26T15:50:59.550Z,,
4A7uL0sY0Y0,0,184,person|horse,2018-01-26T15:51:08.981Z,,
4C4M7iXD1yo,0,185,person|horse,2018-01-26T15:51:13.840Z,,
4E38JLf_dIA,0,186,person|skateboard,2018-01-26T15:52:05.832Z,,
4ETn9Nu9AFw,0,187,person|dog,2018-01-26T15:52:10.951Z,,
4EctSTDCgcg,0,188,person|elephant,2018-01-26T15:52:15.661Z,,
4FfywP_Meac,0,189,bird|boat,2018-01-26T15:52:20.470Z,,
4LRsl8TGcjw,0,190,person|horse,2018-01-26T15:52:22.721Z,,
4MUpOiWvGz0,0,191,motorcycle|person,2018-01-26T15:52:31.272Z,,
4MglMrMzD7s,0,192,motorcycle|person,2018-01-26T15:52:37.958Z,,
4NbN0AH9pRo,0,193,car|truck,2018-01-26T15:52:44.704Z,,
4RdYJWa-tuo,0,194,person|motorcycle,2018-01-26T15:52:49.536Z,,
4V2EDeS3XgU,0,195,person|horse,2018-01-26T15:52:54.941Z,,
4WZImk31njQ,1,196,person|motorcycle,2018-01-26T15:53:33.453Z,0,5
4WgWwTW9By4,0,197,person|motorcycle,2018-01-26T15:53:45.344Z,,
4Y3UB2aruAY,0,198,person|motorcycle,2018-01-26T15:53:57.063Z,,
4YTbLfbRVT8,0,199,person|motorcycle,2018-01-26T15:54:10.960Z,,
4Z7tF4aWnAY,0,200,skateboard|person,2018-01-26T15:54:15.335Z,,
4_yVLAM-zfM,0,201,horse|person,2018-01-26T15:54:20.042Z,,
4b35PjP1QIM,0,202,motorcycle|person,2018-01-26T15:54:35.786Z,,
4eFe4_6mHcA,0,203,bird|boat,2018-01-26T15:54:41.220Z,,
4gXG6wB01tw,0,204,person|horse,2018-01-26T15:54:47.600Z,,
4g_C7wT2JHE,0,205,bus|truck,2018-01-26T15:55:04.131Z,,
4jP3jLLbvTQ,0,206,person|skateboard,2018-01-26T15:55:14.877Z,,
4ohJWSmxcTE,0,207,person|horse,2018-01-26T15:55:22.699Z,,
4pTqxA-nkd4,0,208,person|motorcycle,2018-01-26T15:55:28.292Z,,
4rd2d3PQSiA,0,209,boat|cow,2018-01-26T15:55:35.244Z,,
4sVNYZWlYPw,0,210,person|skateboard,2018-01-26T15:55:47.384Z,,
4t-pPPKXLAY,0,211,person|motorcycle,2018-01-26T15:55:56.037Z,,
4tGX1gp2HHA,0,212,horse|person,2018-01-26T15:56:00.732Z,,
4uxOLVO25_0,0,213,truck|bus,2018-01-26T15:56:22.803Z,,
4wipRL1YnBk,0,214,person|motorcycle,2018-01-27T18:34:56.420Z,,
4wqYS92WJrc,0,215,person|skateboard,2018-01-27T18:35:41.477Z,,
518Jji7FOZo,0,216,person|boat,2018-01-27T18:35:48.853Z,,
55peRa2vBkI,0,217,person|cow,2018-01-27T18:35:57.122Z,,
58ukKgumFHI,0,218,person|motorcycle,2018-01-27T18:36:03.770Z,,
5Cj1BGMo_nw,0,219,person|horse,2018-01-27T18:36:08.260Z,,
5DU0xGTvKPM,0,220,cow|person,2018-01-27T18:36:09.544Z,,
5DhiV3Nppyo,0,221,bicycle|motorcycle,2018-01-27T18:36:12.951Z,,
5JwMah-2arM,0,222,motorcycle|bicycle,2018-01-27T18:36:14.217Z,,
5KTpnIXKAtM,0,223,person|horse,2018-01-27T18:36:23.882Z,,
5KVjUNgasJg,0,224,person|skateboard,2018-01-27T18:36:28.086Z,,
5KkzDx-5KDk,0,225,person|horse,2018-01-27T18:36:33.319Z,,
5Lkzn8MJslM,0,226,person|horse,2018-01-27T18:36:38.536Z,,
5NqBnUetOpI,0,227,person|skateboard,2018-01-27T18:36:40.817Z,,
5QXttL9OWyY,0,228,bus|umbrella,2018-01-27T18:37:14.214Z,293.253146,298.253146
5U3Cen_o8-o,0,229,dog|bicycle,2018-01-27T18:37:27.425Z,,
5XZZ1GUU6f4,0,230,person|motorcycle,2018-01-27T18:37:29.797Z,,
5_BWynrGn8M,0,231,motorcycle|bicycle,2018-01-27T18:37:32.520Z,,
5d5a__HHMfU,0,232,person|motorcycle,2018-01-27T18:37:40.563Z,,
5gsgFQ9W3Us,0,233,motorcycle|person,2018-01-27T18:37:52.809Z,,
5jK9OyGzXiE,0,234,dog|boat,2018-01-27T18:37:57.436Z,,
5kU72ygetSk,0,235,person|skateboard,2018-01-27T18:38:04.260Z,,
5oDxbDs19q0,0,236,motorcycle|person,2018-01-27T18:38:19.697Z,,
5pEvmbk9d9w,0,237,person|motorcycle,2018-01-27T18:38:27.192Z,,
5pL8znuk01w,0,238,motorcycle|bicycle,2018-01-27T18:38:32.154Z,,
5thMEw1tRC0,1,239,person|horse,2018-01-27T18:38:56.044Z,0,5
5uYsjfhPChY,0,240,bicycle|horse,2018-01-27T18:38:59.276Z,,
5x_AhGWX-2o,0,241,person|horse,2018-01-27T18:39:31.550Z,,
5xrvJqmP_Ug,0,242,person|skateboard,2018-01-27T18:39:47.622Z,,
60LfC2wZ0Wg,0,243,person|horse,2018-01-27T18:39:48.972Z,,
60rkF-OQRR0,0,244,person|motorcycle,2018-01-27T18:40:18.884Z,82.147901,87.147901
63lXRJaSbf4,0,245,motorcycle|person,2018-01-27T18:40:22.164Z,,
6AM_89iAk7I,0,246,airplane|truck,2018-01-27T18:40:25.113Z,,
6BUHOMSlnp0,0,247,person|elephant,2018-01-27T18:40:30.341Z,,
6Bz-IpGwqIU,0,248,person|elephant|boat,2018-01-27T18:41:20.044Z,,
6D-wpfMrPz0,0,249,person|elephant,2018-01-27T18:41:34.726Z,,
6F9ylCigOiQ,0,250,person|motorcycle,2018-01-27T18:41:37.885Z,,
6GzqgVGWLMs,0,251,person|motorcycle,2018-01-27T18:41:50.560Z,,
6Ke9qGPVaJ8,0,252,motorcycle|dog,2018-01-27T18:41:58.710Z,,
6KpSYhHWysU,0,253,motorcycle|person,2018-01-27T18:42:26.388Z,,
6M5pPNo_3Ds,0,254,person|skateboard,2018-01-27T18:42:46.102Z,,
6OoTNe24KEk,0,255,motorcycle|person,2018-01-27T18:42:53.168Z,,
6TY6iiDa2EI,0,256,motorcycle|person,2018-01-27T18:42:58.834Z,,
6Zbhrro3PEk,1,257,bicycle|motorcycle,2018-01-27T18:43:42.008Z,468.036053,473.036053
6d5lK0AEW2o,0,258,person|horse,2018-01-27T18:43:52.591Z,,
6eRWleV0d7M,0,259,person|motorcycle,2018-01-27T18:43:56.047Z,,
6ejtAYvVVAI,0,260,person|motorcycle,2018-01-27T18:44:00.301Z,,
6gAMZO-fVyg,0,261,person|skateboard,2018-01-27T18:45:01.242Z,,
6gFgUBwT1l0,0,262,person|skateboard,2018-01-27T18:45:03.402Z,,
6hVuC5VHWeM,0,263,motorcycle|person,2018-01-27T18:45:10.510Z,,
6iLEaZRBmBE,0,264,person|bicycle,2018-01-27T18:45:25.945Z,,
6k0h0wGpMJw,0,265,person|motorcycle,2018-01-27T18:45:28.671Z,,
6k6SiErbs_U,0,266,person|skateboard,2018-01-27T18:45:31.270Z,,
6khDUjxTmdo,0,267,boat|person,2018-01-27T18:45:49.694Z,,
6mnQh6uIrhY,0,268,motorcycle|person,2018-01-27T18:46:22.179Z,8.38703,
6wTk4PAmSvs,0,269,person|motorcycle,2018-01-27T18:46:24.708Z,,
6ybrfF_ynpM,0,270,person|motorcycle,2018-01-27T18:46:26.991Z,,
6zrUBm57QIA,0,271,motorcycle|person,2018-01-27T18:46:28.396Z,,
739an53Hx2Y,0,272,person|horse,2018-01-27T18:46:29.670Z,,
74jiGPl5UMA,0,273,person|motorcycle,2018-01-27T18:46:33.701Z,,
79Thr45goMY,0,274,person|skateboard,2018-01-27T18:46:42.190Z,,
7BqBzT3cd_k,0,275,bicycle|boat,2018-01-27T18:47:30.684Z,,
7GUWego1qA8,0,276,person|skateboard,2018-01-27T18:47:38.833Z,,
7L4_w9z8yME,0,277,person|cow,2018-01-27T18:47:40.943Z,,
7O3VknS38B4,0,278,person|cow,2018-01-27T18:47:45.732Z,,
7OkTGXgpGcg,0,279,person|skateboard,2018-01-27T18:47:51.193Z,,
7PZtU09c3M8,0,280,person|horse,2018-01-27T18:48:02.228Z,,
7PjPMZ2Juno,0,281,motorcycle|bicycle,2018-01-27T18:48:10.999Z,,
7SKzS-YdUbc,0,282,person|motorcycle,2018-01-27T18:48:23.523Z,,
7WNQEox7IXo,0,283,person|horse,2018-01-27T18:48:28.069Z,,
7XO6hznLDMc,0,284,person|knife,2018-01-27T18:48:31.819Z,,
7d3G1SN7jco,0,285,person|skateboard,2018-01-27T18:48:34.467Z,,
7dYqsP5jRVo,0,286,person|skateboard,2018-01-27T18:48:44.860Z,,
7eupLmNKD54,0,287,person|motorcycle,2018-01-27T18:48:46.226Z,,
7gXJ47pE9_M,0,288,person|boat,2018-01-27T18:48:49.560Z,,
7gn1EqrQOFk,0,289,motorcycle|person,2018-01-27T18:48:50.908Z,,
7hjnqZZAweI,0,290,motorcycle|person,2018-01-27T18:48:55.761Z,,
7iqnoz3zGUM,1,291,person|motorcycle,2018-01-27T18:49:23.562Z,25.03354,30.03354
7jLYL8K8mQU,0,292,person|motorcycle,2018-01-27T18:49:25.870Z,,
7mJTMFeF8Ww,0,293,person|horse,2018-01-27T18:49:30.222Z,,
7pIhao_4-Fw,0,294,person|cow,2018-01-27T18:49:35.024Z,,
7q8fyixW-fg,0,295,motorcycle|person,2018-01-27T18:49:51.007Z,,
7r6zE6KTQv0,0,296,person|motorcycle,2018-01-27T18:52:10.300Z,,
7rVStq2zJX8,0,297,umbrella|bus,2018-01-27T18:52:18.576Z,,
7rvkwsjPUHU,0,298,person|horse,2018-01-27T19:24:05.088Z,,
7th0mu-lsU0,0,299,person|motorcycle,2018-01-27T19:24:14.872Z,,
7vuSqoyZpYI,0,300,elephant|person,2018-01-27T19:24:17.026Z,,
7xO2bP66Kyk,0,301,person|elephant,2018-01-27T19:24:19.755Z,,
7xVGw9nGgRM,0,302,truck|person,2018-01-27T19:24:51.433Z,,
84InQ3_SSA0,0,303,dog|boat,2018-01-27T19:24:52.829Z,,
85giD4FDwZw,0,304,person|cow,2018-01-27T19:24:56.323Z,,
860PgEde7qg,0,305,motorcycle|person,2018-01-27T19:24:59.240Z,,
8BIjnm2OhcQ,0,306,train|person,2018-01-27T19:25:07.781Z,,
8Fa34l1T_M4,0,307,bus|truck,2018-01-27T19:25:15.437Z,,
8FhyV-m7iDk,0,308,person|motorcycle,2018-01-27T19:25:19.387Z,,
8J4cCfc4Avc,0,309,person|horse,2018-01-27T19:25:25.007Z,,
8KwwAgQOJpw,0,310,bird|boat,2018-01-27T19:25:40.406Z,,
8L9DHufuTao,0,311,person|skateboard,2018-01-27T19:25:56.332Z,,
8NebclfG2Kc,0,312,person|motorcycle,2018-01-27T19:26:07.729Z,,
8NpbfBe1vtE,0,313,person|cow,2018-01-27T19:26:12.134Z,,
8OKQRl5zvao,0,314,person|elephant,2018-01-27T19:26:15.921Z,,
8PxBBrQbCeE,0,315,motorcycle|person,2018-01-27T19:26:35.868Z,,
8QQcvHAjcIA,0,316,person|horse,2018-01-27T19:26:46.047Z,,
8S1rbA34FKA,0,317,person|horse,2018-01-27T19:26:49.499Z,,
8TOOSAN1UZQ,0,318,motorcycle|person,2018-01-27T19:26:53.589Z,,
8VQF9AVktDE,0,319,person|motorcycle,2018-01-27T19:26:58.126Z,,
8YApnfUxKsc,0,320,umbrella|person,2018-01-27T19:27:01.698Z,,
8__7VsmdY8Y,0,321,person|elephant,2018-01-27T19:27:13.235Z,,
8dZUFkDYer4,0,322,person|horse,2018-01-27T19:27:17.993Z,,
8dmCDul3VjQ,0,323,bicycle|person,2018-01-27T19:27:21.429Z,,
8icdhadUjQI,0,324,person|motorcycle,2018-01-27T19:27:23.878Z,,
8jabGQiFqwg,0,325,boat|bird,2018-01-27T19:27:39.562Z,,
8mTZvVr8AXU,0,326,person|potted plant|cat,2018-01-27T19:27:41.196Z,,
8pletcA682M,0,327,person|skateboard,2018-01-27T19:27:45.044Z,,
8rJ_OTPW5ZE,0,328,person|horse,2018-01-27T19:27:49.747Z,,
8wDKi0EJHdI,0,329,umbrella|bus,2018-01-27T19:27:56.291Z,,
8ynhqWOQdeM,0,330,person|motorcycle,2018-01-27T19:28:02.195Z,,
90susYk5ILw,0,331,elephant|person,2018-01-27T19:28:12.958Z,,
91UUhN0_qDo,0,332,person|motorcycle,2018-01-27T19:28:17.970Z,,
96DKSSXEy6c,0,333,person|horse,2018-01-27T19:28:27.099Z,,
9EEyD82P5wY,0,334,truck|cow,2018-01-27T19:28:31.527Z,,
9FDNzaWoJVM,0,335,person|motorcycle,2018-01-27T19:28:37.687Z,,
9IgDGgcNxJo,0,336,person|elephant,2018-01-27T19:28:41.450Z,,
9KrQ-u6Q6vo,0,337,person|skateboard,2018-01-27T19:28:42.929Z,,
9MzOUzhMc_A,0,338,person|motorcycle,2018-01-27T19:28:46.407Z,,
9NxMkXBWqGw,0,339,person|motorcycle,2018-01-27T19:28:55.074Z,,
9P4xSFena6M,0,340,person|motorcycle,2018-01-27T19:29:17.131Z,,
9Uhl_A7fr10,0,341,person|skateboard,2018-01-27T19:29:30.905Z,,
9VMbIst5d_c,0,342,motorcycle|person,2018-01-27T19:29:47.569Z,,
9Wh3dFhHQM8,0,343,bus|truck,2018-01-27T19:30:00.690Z,,
9ZF3tpr5zD0,0,344,motorcycle|person,2018-01-27T19:30:04.500Z,,
9ZZJ1a933Uo,0,345,truck|bus,2018-01-27T19:35:13.212Z,36.939896,41.939896
9yNxKD-hzj8,0,346,bicycle|person,2018-01-27T20:16:36.574Z,,
AI84gucG5AI,0,347,bus|bear,2018-01-27T20:16:48.907Z,,
AKViB9azB2o,0,348,dog|boat,2018-01-27T20:16:58.087Z,,
AROrQJq2sWY,0,349,person|bicycle,2018-01-27T20:17:04.562Z,,
AVH8yVX3E1A,0,350,bird|boat,2018-01-27T20:17:16.446Z,,
Aq_n86sub5o,0,351,person|bicycle,2018-01-27T20:17:17.757Z,,
Aqko6DwEqq4,1,352,person|dog,2018-01-27T20:17:47.236Z,0,5
Bd0ZEAEzttI,0,353,boat|person,2018-01-27T20:17:54.220Z,,
C6KnJa6dFec,0,354,boat|person,2018-01-27T20:17:59.733Z,,
CK0o-pgp75M,0,355,truck|bus,2018-01-27T20:18:08.648Z,,
Cft2VDsPCp4,1,356,bird|boat,2018-01-27T20:19:07.031Z,43.93284,48.93284
D-XeSHs7MYE,0,357,train|bicycle,2018-01-27T20:19:31.437Z,,
DFZE0ekmHps,0,358,bus|car,2018-01-27T20:20:32.190Z,143.418486,148.418486
DQgRX9RuCN4,1,359,bus|truck,2018-01-27T20:20:55.127Z,1.601261,6.601261
D_fMuGejJF0,0,360,boat|bird,2018-01-27T20:21:41.408Z,,
EJdJUArfCgA,0,361,person|bicycle,2018-01-27T20:21:47.342Z,,
EKHjiYu4QHc,0,362,bicycle|boat,2018-01-27T20:21:52.127Z,,
EsfnZlOBueg,0,363,umbrella|bus,2018-01-27T20:21:57.766Z,,
FQB781u-5rI,0,364,dog|boat,2018-01-27T20:22:08.454Z,,
FQnnRHyzLcE,0,365,boat|dog,2018-01-27T20:22:47.758Z,,
FSCpm1kxTIE,0,366,umbrella|bus,2018-01-27T20:23:34.466Z,,
FbSIwV5iCGM,0,367,bus|truck,2018-01-27T20:23:38.382Z,,
G7p90FBQk_0,0,368,truck|bus,2018-01-27T20:23:39.825Z,,
GT4CKnmIvdQ,1,369,giraffe|truck,2018-01-27T20:24:21.633Z,0,4
GbHLET097K8,0,370,boat|bird,2018-01-27T20:24:29.883Z,,
GyhX2tnvXoo,0,371,truck|bus,2018-01-27T20:24:38.187Z,,
HO6yeFgs7Hs,0,372,bicycle|person,2018-01-27T20:24:42.506Z,,
I5_d8ZnBSX4,0,373,boat|person,2018-01-27T20:24:50.817Z,,
IhA10QRhEfM,0,374,boat|person,2018-01-27T20:24:58.443Z,,
IpCh912LP0M,0,375,truck|bus,2018-01-27T20:25:01.805Z,,
JmYghtHwujQ,0,376,boat|dog,2018-01-27T20:25:06.943Z,,
KZhX7tDfYIA,0,377,bus|umbrella,2018-01-27T20:25:14.918Z,,
L6vLixMpRZg,0,378,dog|person,2018-01-27T20:25:17.768Z,,
LHjbH5LNSIs,0,379,bird|boat,2018-01-27T20:25:23.894Z,,
LV0X1MNEGuc,0,380,bird|boat,2018-01-27T20:25:26.920Z,,
LZQ_oJV7WDM,0,381,bear|airplane,2018-01-27T20:25:28.325Z,,
LabstzSlHEk,0,382,bird|person,2018-01-27T20:25:29.585Z,,
Ly-uIzZCdn0,1,383,bus|truck,2018-01-27T20:26:14.941Z,76.441558,81.441558
MkDMVOoFcUo,0,384,train|boat,2018-01-27T20:26:16.653Z,,
MrsXy6DL4DA,0,385,truck|bus,2018-01-27T20:26:35.884Z,,
MuwD7ExhjIU,0,386,train|person,2018-01-27T20:27:06.103Z,,
MycRL2mEddw,0,387,train|boat|bird,2018-01-27T20:27:11.345Z,,
N3N-wTY-GS0,0,388,bus|potted plant,2018-01-27T20:27:45.313Z,,
NWF7E3ax2Pw,0,389,train|bird,2018-01-27T20:27:55.372Z,,
Ni2hDPJnrLI,0,390,person|potted plant,2018-01-27T20:28:04.889Z,,
Nl1mXPlJNe8,0,391,bus|truck,2018-01-27T20:28:12.154Z,,
NotLJknix1A,0,392,umbrella|bus,2018-01-27T20:28:20.944Z,,
OUKHkxvN8kE,0,393,truck|bus,2018-01-27T20:28:37.590Z,,
OvEJdKYqvF4,0,394,dog|person,2018-01-27T20:28:39.339Z,,
OvoLWaQ5Vns,0,395,dog|boat,2018-01-27T20:28:58.962Z,,
PHkGE-mnbc8,0,396,boat|dog,2018-01-27T20:29:07.323Z,,
Peur7tMeMNc,0,397,person|bicycle,2018-01-27T20:29:15.309Z,,
Pl4gVlD9P6Q,0,398,bicycle|dog,2018-01-27T20:29:17.120Z,,
QHX4kir9zgQ,0,399,bicycle|person,2018-01-27T20:29:27.733Z,,
Ql_dHTxmLzY,1,400,truck|bus,2018-01-27T20:29:48.055Z,6.379381,11.379381
R-o9Ydq4hbU,1,401,bus|truck,2018-01-27T20:31:10.413Z,7.255625,12.255625
R2RMozghNco,0,402,umbrella|bus,2018-01-27T20:31:16.195Z,,
R8XohQABXnk,0,403,bus|truck,2018-01-27T20:31:20.291Z,,
RJ3r1LMhM9A,0,404,boat|person,2018-01-27T20:31:29.939Z,,
RYWk4YCCp5U,0,405,umbrella|person,2018-01-27T20:31:34.742Z,,
RZRXyOAe4Ys,0,406,dog|boat,2018-01-27T20:31:43.970Z,,
RfikfB1PflA,1,407,bicycle|dog,2018-01-27T20:31:57.261Z,0,5
Rl9sidQjT7s,0,408,person|bicycle,2018-01-27T20:32:17.823Z,,
SkaDgwD6fIg,1,409,boat|bird,2018-01-27T20:32:58.914Z,13.417464,18.417464000000002
T8JISmrVISo,0,410,person|train,2018-01-27T20:33:22.398Z,,
TCw4vzPPGV0,0,411,bus|truck,2018-01-27T20:33:31.302Z,,
THbZqJngOJA,0,412,bicycle|person,2018-01-27T20:33:35.943Z,,
TfbOeLxW7dU,0,413,boat|dog,2018-01-27T20:33:45.492Z,,
U-AYumro_Ys,1,414,bus|umbrella,2018-01-27T20:35:23.910Z,30,35.598861
UhDyV6E81pc,0,415,person|boat,2018-01-27T20:35:29.412Z,,
Vt5yK2ylVDo,0,416,car|bicycle,2018-01-27T20:35:34.499Z,,
X2MOToLYo-w,0,417,truck|bus,2018-01-27T20:35:35.945Z,,
XBn6P-IKuis,0,418,person|car,2018-01-27T20:35:42.212Z,,
XOtUSJj44Js,0,419,dog|person,2018-01-27T20:35:46.282Z,,
Xbw_9hrp2KY,1,420,boat|bicycle,2018-01-27T20:36:36.760Z,297.6048116883117,302.6048116883117
XizqHIhOW4A,0,421,bicycle|person,2018-01-27T20:36:42.098Z,,
Xy-1keI1Imo,0,422,bird|person,2018-01-27T20:36:45.555Z,,
Y-6gTVeBpjs,0,423,potted plant|bus|umbrella,2018-01-27T20:36:50.926Z,,
Y6Asp_FtgRA,1,424,truck|bus,2018-01-27T20:37:33.804Z,17.260285,24
Y7pr29EUyIE,0,425,boat|person,2018-01-27T20:37:40.992Z,,
YEwag_vVuF4,0,426,dog|person,2018-01-27T20:37:46.600Z,,
YNX6sK_TtuA,0,427,bird|boat,2018-01-27T20:37:49.928Z,,
YWR3TnRrGUc,0,428,truck|bus,2018-01-27T20:38:02.992Z,,
YZEjd00ffns,0,429,person|boat,2018-01-27T20:38:06.699Z,,
Yzhh4zQdheY,0,430,boat|airplane,2018-01-27T20:38:11.366Z,,
Z37dIpwPIqI,0,431,bicycle|person,2018-01-27T20:38:17.932Z,,
Z47NC18MFfo,0,432,umbrella|bus,2018-01-27T20:38:23.675Z,,
ZT0v-zNa9qE,0,433,airplane|truck,2018-01-27T20:38:32.546Z,,
ZeoGxcLW_hE,0,434,bird|boat,2018-01-27T20:38:50.095Z,,
ZsGIwpVybfs,0,435,boat|potted plant,2018-01-27T20:38:59.965Z,,
_IFDfARPerY,0,436,person|bird,2018-01-27T20:39:05.770Z,,
a1uKQ4Vzg5Y,0,437,truck|bus,2018-01-27T20:39:12.538Z,,
aRIqCADUC9o,1,438,truck|bus,2018-01-27T20:40:06.136Z,29.794714,36
aZbk41p_2_c,0,439,bus|truck,2018-01-27T20:40:11.756Z,,
bO5IeCVPJ7E,0,440,bus|giraffe,2018-01-27T20:40:18.930Z,,
bRutTUvv5fY,0,441,bicycle|umbrella,2018-01-27T20:40:28.856Z,,
bgJzjS1qj94,0,442,bus|truck,2018-01-27T20:41:02.921Z,,
cb9jmr0J9ms,0,443,boat|bird,2018-01-27T20:41:10.425Z,,
cihhpxZBm2o,0,444,person|umbrella,2018-01-27T20:41:16.155Z,,
cnrSdMSCW6w,0,445,truck|bus,2018-01-27T20:41:31.819Z,,
dW3p4QX4keo,0,446,umbrella|bus,2018-01-27T20:41:35.975Z,,
dby-fBGIPRU,0,447,boat|person,2018-01-27T20:41:50.834Z,,
dyZixtbxEE4,0,448,person|bicycle,2018-01-27T20:41:55.244Z,,
e2DQR8hVseo,0,449,bird|boat,2018-01-27T20:42:00.284Z,,
eN5Qz8hF2PI,0,450,potted plant|person,2018-01-27T20:42:04.130Z,,
f8ZxXHSqC_8,0,451,boat|dog,2018-01-27T20:42:08.975Z,,
ff2-a3cffc8,0,452,airplane|bear,2018-01-27T20:42:17.200Z,,
ffAAcIjhQUo,0,453,bird|boat,2018-01-27T20:42:21.807Z,,
fi46OpYa89I,0,454,bicycle|person,2018-01-27T20:42:31.956Z,,
fnfxxWbXKtw,0,455,bird|airplane,2018-01-27T20:42:37.486Z,,
fpo2kf1idyo,0,456,person|bicycle,2018-01-27T20:43:12.732Z,,
g6Xb-H5bQ-I,0,457,person|car,2018-01-27T20:43:17.495Z,,
gXW33K91X7c,0,458,bicycle|dog,2018-01-27T20:43:20.441Z,,
g_F7Wgwf1Ik,0,459,bus|truck,2018-01-27T20:43:25.766Z,,
gsos49zkeXo,0,460,bicycle|dog,2018-01-27T20:43:41.272Z,,
hENjgSV3bcA,1,461,dog|boat,2018-01-27T20:44:18.357Z,129.904133,134.904133
iZcojpQB9tQ,0,462,bicycle|dog,2018-01-27T20:44:29.523Z,,
igjBIRwjlko,0,463,dog|bicycle,2018-01-27T20:44:35.449Z,,
ixRhTALwcGM,0,464,airplane|boat,2018-01-27T20:44:46.769Z,,
jMmjaxXWaUk,0,465,bus|truck,2018-01-27T20:45:01.530Z,,
kK4MoNnf-CI,0,466,bicycle|bird,2018-01-27T20:45:02.937Z,,
kKsmfgFwoPI,0,467,bird|boat,2018-01-27T20:45:06.116Z,,
kX-rqtb_n5w,0,468,boat|dog,2018-01-27T20:45:15.588Z,,
kq4tOnX3m2Y,0,469,bus|truck,2018-01-27T20:45:17.941Z,,
ktjtQnP-8YA,0,470,dog|boat,2018-01-27T20:45:21.851Z,,
l1dkS9dCOZs,0,471,truck|bus,2018-01-27T20:45:41.123Z,,
l8dhp84tT7M,0,472,bus|bear,2018-01-27T20:46:26.909Z,7.898555057220459,
lAFonTk_uSA,0,473,airplane|bear,2018-01-27T20:46:44.596Z,,
lP-ntpJdq14,0,474,airplane|bus,2018-01-27T20:47:06.016Z,,
lXI9bvk3jSA,0,475,bicycle|dog,2018-01-27T20:47:09.284Z,,
lhLaFKui5JM,0,476,person|dog,2018-01-27T20:47:13.467Z,,
lzAGCQoeAug,0,477,person|boat,2018-01-27T20:47:33.684Z,,
mA8gWYr7MIo,0,478,bicycle|dog,2018-01-27T20:47:41.330Z,,
mLhhv11p8tY,0,479,bus|umbrella,2018-01-27T20:47:54.937Z,,
mVUsAXxGF7Q,0,480,bus|umbrella,2018-01-27T20:48:23.635Z,,
moIaQoAdBh8,0,481,person|dog,2018-01-27T20:48:32.728Z,,
mrc1U4Kij7Y,0,482,bicycle|person,2018-01-27T20:48:37.854Z,,
n7gzdyw1IM0,0,483,truck|bus,2018-01-27T20:48:41.404Z,,
nQPct8YZFTM,0,484,bicycle|boat,2018-01-27T20:48:58.404Z,,
oQL8wVupT50,0,485,car|truck,2018-01-27T20:49:53.489Z,,
oapsnl45seQ,0,486,bicycle|person,2018-01-27T20:49:55.377Z,,
paFXqOSmMQY,0,487,bird|boat,2018-01-27T20:50:00.486Z,,
q3Nb9s7UXjs,0,488,person|bicycle,2018-01-27T20:50:10.510Z,,
qUC93rM4DYs,0,489,bird|boat,2018-01-27T20:50:21.451Z,,
qURF3J6jQY0,0,490,truck|bus,2018-01-27T20:50:32.094Z,,
qajWv0dmKaE,0,491,bird|train,2018-01-27T20:50:44.880Z,,
qgWtSRfpNyo,0,492,person|dog,2018-01-27T20:50:51.892Z,,
qklXdTo1CKQ,0,493,truck|umbrella,2018-01-27T20:50:55.781Z,,
qrD4vpQ12ZE,0,494,bird|bicycle,2018-01-27T20:51:01.580Z,,
qsUKhcTughk,0,495,boat|bird,2018-01-27T20:51:06.643Z,,
qw8qsO5RR1Q,1,496,bus|truck,2018-01-27T20:51:51.927Z,45.244032087738034,55.244032087738034
r1ZViPUTnWo,0,497,train|bird,2018-01-27T20:51:53.781Z,,
r4cneWcmGJc,0,498,bear|person,2018-01-27T20:52:00.210Z,,
rp9WgUXWb_A,0,499,bicycle|person,2018-01-27T20:52:18.955Z,,
sqAYFcE7o0c,0,500,boat|bicycle,2018-01-27T20:52:37.525Z,,
sxpxbJJnV_s,0,501,bird|person,2018-01-27T20:52:43.905Z,,
t3wr9JiPLiU,0,502,bus|truck,2018-01-27T20:52:53.788Z,,
tiyke7W4gJ4,1,503,boat|train,2018-01-27T20:53:16.909Z,2.866655,7.866655
uUlfh-33vqc,0,504,bus|truck,2018-01-27T20:53:23.592Z,,
uXsyLDhvyAU,0,505,person|umbrella,2018-01-27T20:53:29.064Z,,
ub7WrNUkRWI,0,506,boat|dog,2018-01-27T20:53:37.305Z,,
ufJsGjdolow,0,507,potted plant|person,2018-01-27T20:53:40.732Z,,
v3UZggU8674,0,508,giraffe|person,2018-01-27T20:53:44.120Z,,
vEBjtZZb1i8,0,509,dog|boat,2018-01-27T20:53:49.842Z,,
vI06xO9wwdI,0,510,umbrella|boat,2018-01-27T20:53:57.860Z,,
vNo-iLW4zE4,0,511,boat|dog,2018-01-27T20:54:13.252Z,,
vSgCBgMUoBo,0,512,airplane|bus,2018-01-27T20:54:19.635Z,,
vV8n6PLyh2c,0,513,umbrella|car,2018-01-27T20:54:24.020Z,,
vtWd14PESrc,0,514,umbrella|bus,2018-01-27T20:54:32.125Z,,
w2SwuQSWYq4,0,515,bicycle|person,2018-01-27T20:54:45.557Z,,
w4Z7y0NYUV0,0,516,airplane|umbrella,2018-01-27T20:54:54.859Z,,
wJ_mXw16eTM,0,517,umbrella|truck,2018-01-27T20:55:10.473Z,,
wL8RXzuwlaE,0,518,bicycle|person,2018-01-27T20:55:12.009Z,,
wmYh-vWXgmI,0,519,person|bear,2018-01-27T20:55:15.040Z,,
x1-gadKKhNs,0,520,umbrella|bicycle,2018-01-27T20:55:22.831Z,,
xhIPuJ7YLms,0,521,person|bird,2018-01-27T20:55:28.556Z,,
xsOOlHVA3F4,0,522,boat|dog,2018-01-27T20:55:30.423Z,,
xto1Lrca56A,0,523,boat|bird,2018-01-27T20:55:35.438Z,,
xyX0QhaO_qs,0,524,bird|boat,2018-01-27T20:55:36.740Z,,
y6dYX3_wchA,0,525,boat|person,2018-01-27T20:55:41.095Z,,
yVzOWX4FKyU,0,526,bear|bus,2018-01-27T20:55:47.300Z,,
yoDdz2LWOI0,0,527,boat|dog,2018-01-27T20:56:08.254Z,,
zRrcP4D0rqY,0,528,boat|dog,2018-01-27T20:56:16.310Z,,
zq5Za_P8lfk,0,529,dog|boat,2018-01-27T20:56:19.728Z,,
--VxF9iwB14,0,0,car,2018-01-28T13:45:29.247Z,,
--tcPnqnk28,0,1,car,2018-01-28T13:45:33.287Z,,
--zbX0GZR1I,0,2,car,2018-01-28T13:45:38.162Z,,
-0MolBWQQO4,0,3,car,2018-01-28T13:45:49.114Z,,
-0hp-q741Is,0,4,car,2018-01-28T13:45:52.567Z,,
-1WPxAKgNlM,0,5,car,2018-01-28T13:45:55.620Z,,
-3EA5ICc9GE,0,6,car,2018-01-28T13:45:58.662Z,,
-3K26M-m_00,1,7,car,2018-01-28T13:46:28.693Z,14.317585,19.317585
-3XA7ksGTPY,0,8,car,2018-01-28T13:47:35.785Z,,
-4RCVIcXJ0w,0,9,car,2018-01-28T13:47:40.790Z,,
-53c8d34ojE,0,10,car,2018-01-28T13:49:40.701Z,,
-6dQmZK7sQs,0,11,car,2018-01-28T13:49:45.117Z,,
-7awJE4cqBk,1,12,car,2018-01-28T13:50:28.409Z,0,5
-7ere8g2fQE,0,13,car,2018-01-28T13:56:12.158Z,,
-7guTRv6FvE,0,14,car,2018-01-28T14:00:09.455Z,,
-8W6j-yDb-8,0,15,car,2018-01-28T14:00:16.910Z,,
-9IjKdQLqYE,0,16,car,2018-01-28T14:00:17.974Z,,
-9ZOKpb96yg,0,17,car,2018-01-28T14:00:26.972Z,,
-9gb-qImLs0,0,18,car,2018-01-28T14:00:30.689Z,,
-9hVw8_eEQo,0,19,car,2018-01-28T14:00:46.415Z,,
-ABhay3jn5k,0,20,car,2018-01-28T14:00:51.622Z,,
-ADyyWIkjGc,0,21,car,2018-01-28T14:00:53.933Z,,
-AUOsJW7CY4,0,22,car,2018-01-28T14:01:01.070Z,,
-CPvNt-LOJs,0,23,car,2018-01-28T14:01:04.490Z,,
-DYwTnKsMq0,0,24,car,2018-01-28T14:01:07.997Z,,
-E1Lmxn3RaQ,0,25,car,2018-01-28T14:01:09.514Z,,
-EjQcSJ_eMI,0,26,car,2018-01-28T14:01:13.341Z,,
-EvykCT3550,0,27,car,2018-01-28T14:01:24.041Z,,
-F5G8FGDPLA,0,28,car,2018-01-28T14:01:30.184Z,,
-FQbBiUM1Uc,0,29,car,2018-01-28T14:01:32.296Z,,
-Fumev7g7eo,0,30,car,2018-01-28T14:01:38.268Z,,
-Fvyl6kq-Tk,0,31,car,2018-01-28T14:01:41.790Z,,
-GHsN2xgN78,0,32,car,2018-01-28T14:01:48.229Z,,
-HS0tH402Jk,0,33,car,2018-01-28T14:01:57.051Z,,
-I8Ho4sKlUg,0,34,car,2018-01-28T14:02:02.747Z,,
-JFK6_Cmp5Q,0,35,car,2018-01-28T14:02:26.715Z,,
-JatSTev0Uo,0,36,car,2018-01-28T14:03:54.773Z,,
-KhHf4PV674,0,37,car,2018-01-28T14:03:57.924Z,,
-KrzmV1u5zY,0,38,car,2018-01-28T14:04:05.238Z,,
-KxjGDWiaGc,0,39,car,2018-01-28T14:04:11.409Z,,
-LQmutag6S0,0,40,car,2018-01-28T14:04:23.708Z,,
-LT7rTbhrN4,0,41,car,2018-01-28T14:04:30.683Z,,
-LUZMjhcMgk,0,42,car,2018-01-28T14:04:35.338Z,,
-Lgd3lVW7Vs,0,43,car,2018-01-28T14:04:39.659Z,,
-M6bJwVw7M4,0,44,car,2018-01-28T14:04:42.272Z,,
-MKo_pMyizI,0,45,car,2018-01-28T14:04:46.571Z,,
-MLnwzIqh8M,0,46,car,2018-01-28T14:04:49.921Z,,
-ND1KUm4bxY,0,47,car,2018-01-28T14:04:55.466Z,,
-NM4_TECHXg,0,48,car,2018-01-28T14:05:04.186Z,,
-NyOXLrSW4U,0,49,car,2018-01-28T14:05:06.560Z,,
-OKbJJ-pbxI,0,50,car,2018-01-28T14:05:10.073Z,,
-Q0hxc10ICs,0,51,car,2018-01-28T14:05:13.761Z,,
-Q1jCHIh_gI,0,52,car,2018-01-28T14:05:17.634Z,,
-RLtURlVR_k,0,53,car,2018-01-28T14:05:25.619Z,,
-SV4RGNoauc,0,54,car,2018-01-28T14:05:28.683Z,,
-T1_rhV-_O4,0,55,car,2018-01-28T14:05:32.806Z,,
-T3t0QVJCus,0,56,car,2018-01-28T14:06:02.495Z,,
-TVNo0i0zAs,0,57,car,2018-01-28T14:06:16.323Z,,
-Ub4j75qysc,0,58,car,2018-01-28T14:06:25.983Z,,
-Ur6iHEg-5o,0,59,car,2018-01-28T14:06:29.314Z,,
-VfvrxpeLYw,0,60,car,2018-01-28T14:06:40.916Z,,
-X-URw8f6vM,0,61,car,2018-01-28T14:06:49.496Z,,
-XBXiXf1X-k,0,62,car,2018-01-28T14:07:45.177Z,,
-XXp-yltG5w,0,63,car,2018-01-28T14:12:00.862Z,,
-Xeo_M4OLn0,0,64,car,2018-01-28T14:12:05.454Z,,
-XjaTtXqgnE,0,65,car,2018-01-28T14:12:09.848Z,,
-XlkQsvuA2g,0,66,car,2018-01-28T14:12:13.068Z,,
-YKwjfCuzKY,0,67,car,2018-01-28T14:12:18.004Z,,
-YaW3duCqUA,0,68,car,2018-01-28T14:12:23.423Z,,
-Z6FJeeJ5mk,0,69,car,2018-01-28T14:12:26.524Z,,
-ZNkRLSbrJU,0,70,car,2018-01-28T14:12:30.592Z,,
-ZTjj0h6P5s,0,71,car,2018-01-28T14:12:34.972Z,,
-_kaKxgUAKg,0,72,car,2018-01-28T14:12:41.247Z,,
-aI7ZmyXFrg,0,73,car,2018-01-28T14:12:45.893Z,,
-anex1-XkZg,0,74,car,2018-01-28T14:12:51.885Z,,
-bHaob2IExo,0,75,car,2018-01-28T14:12:55.616Z,,
-bazQGXWjps,0,76,car,2018-01-28T14:12:57.463Z,,
-bpubRUtPi0,0,77,car,2018-01-28T14:13:01.926Z,,
-cKmGUuFBSI,0,78,car,2018-01-28T14:13:04.968Z,,
-cMq06eoRKg,0,79,car,2018-01-28T14:13:10.344Z,,
-chKQxmMgE8,0,80,car,2018-01-28T14:13:15.113Z,,
-dbeF7lAx2Q,0,81,car,2018-01-28T14:13:20.248Z,,
-e2R1n9DXQA,0,82,car,2018-01-28T14:13:24.025Z,,
-e_xeTPbplo,0,83,car,2018-01-28T14:13:28.643Z,,
-eou2IiWhA0,0,84,car,2018-01-28T14:13:31.402Z,,
-f-BzoGOyFQ,0,85,car,2018-01-28T14:13:35.662Z,,
-fGy9ezjrJs,0,86,car,2018-01-28T14:13:37.982Z,,
-ffZPW1mICE,0,87,car,2018-01-28T14:13:47.301Z,,
-g30w54KmV4,0,88,car,2018-01-28T14:13:52.349Z,,
-hpn91kUPM4,0,89,car,2018-01-28T14:13:55.319Z,,
-hvkcyPp4W4,0,90,car,2018-01-28T14:14:03.447Z,,
-jxc1KjbODQ,0,91,car,2018-01-28T14:14:07.282Z,,
-kpw42cXKEk,0,92,car,2018-01-28T14:14:11.150Z,,
-lAqc-fI0PQ,0,93,car,2018-01-28T14:14:16.615Z,,
-la-Q7kO-58,0,94,car,2018-01-28T14:14:20.701Z,,
-mBKYhG_8e0,0,95,car,2018-01-28T14:14:32.441Z,,
-naoSRD45zI,0,96,car,2018-01-28T14:14:40.300Z,,
-nxI-kaIhrM,0,97,car,2018-01-28T14:14:44.677Z,,
-qNtfSiKl9M,0,98,car,2018-01-28T14:14:48.735Z,,
-qcJAPARbzk,0,99,car,2018-01-28T14:14:51.971Z,,
-qi9WIDzIvI,0,100,car,2018-01-28T14:14:54.826Z,,
-qyLKeRBT4s,0,101,car,2018-01-28T14:14:55.929Z,,
-rFd9Tk2b1U,0,102,car,2018-01-28T14:15:00.254Z,,
-rOZKep8Drc,0,103,car,2018-01-28T14:15:05.088Z,,
-rfeaJrloyY,0,104,car,2018-01-28T14:15:12.915Z,,
-sDNVjqg4cM,0,105,car,2018-01-28T14:15:17.893Z,,
-sSUj77Z-no,0,106,car,2018-01-28T14:15:24.610Z,,
-sVC570sfX0,0,107,car,2018-01-28T14:15:29.721Z,,
-slILpQ1mHs,0,108,car,2018-01-28T14:16:27.138Z,,
-u0w7YzKhgg,0,109,car,2018-01-28T14:16:40.690Z,,
-uK5vepfvVg,0,110,car,2018-01-28T14:16:44.638Z,,
-uQkpnuwCXE,0,111,car,2018-01-28T14:16:47.938Z,,
-v6tfZ81B3A,0,112,car,2018-01-28T14:16:57.315Z,,
-w5Ow98kNKI,0,113,car,2018-01-28T14:17:12.011Z,,
-wFeJgEJqO4,0,114,car,2018-01-28T14:21:11.952Z,,
-xPOTAOAgOA,0,115,car,2018-01-28T14:22:15.589Z,,
-xnx3868CSM,0,116,car,2018-01-28T14:22:17.884Z,,
-yc7wCdh1BE,0,117,car,2018-01-28T14:22:19.922Z,,
0-INc7wH1UM,0,118,car,2018-01-28T14:22:27.240Z,,
0-mE-qYulN0,0,119,car,2018-01-28T14:22:30.254Z,,
00ZeYKWEHyc,0,120,car,2018-01-28T14:22:33.427Z,,
01BqA5PbAB8,0,121,car,2018-01-28T14:22:35.398Z,,
01aEu9jy-zA,0,122,car,2018-01-28T14:22:37.972Z,,
02IS27TbKvs,0,123,car,2018-01-28T14:22:40.564Z,,
02J48TQkGbE,0,124,car,2018-01-28T14:22:50.229Z,,
03mITledS20,0,125,car,2018-01-28T14:22:56.456Z,,
04jEe0lfdos,0,126,car,2018-01-28T14:23:01.453Z,,
04p58ydbAvM,0,127,car,2018-01-28T14:23:03.554Z,,
05O6aafeq4s,0,128,car,2018-01-28T14:23:10.903Z,,
05v8MA6SZ54,1,129,car,2018-01-28T14:23:48.918Z,4.276363,9.276363
05x9VHjrqtw,0,130,car,2018-01-28T14:23:55.242Z,,
062sFdn70K0,0,131,car,2018-01-28T14:24:08.540Z,,
07PG9KrLaKw,0,132,car,2018-01-28T14:24:20.384Z,,
07TBXhsosk4,0,133,car,2018-01-28T14:24:25.137Z,,
07TuniaOIxY,0,134,car,2018-01-28T14:24:31.929Z,,
07Yd9ThEO10,0,135,car,2018-01-28T14:24:34.483Z,,
07pyAY0R98s,0,136,car,2018-01-28T14:24:37.167Z,,
08M2WZ7jrLI,0,137,car,2018-01-28T14:24:41.645Z,,
09a9CQFvi2A,0,138,car,2018-01-28T14:24:49.093Z,,
09lBJNP_miQ,0,139,car,2018-01-28T14:24:53.167Z,,
0AjUZ6Rh0bc,0,140,car,2018-01-28T14:24:57.289Z,,
0B-l9QmJK3I,0,141,car,2018-01-28T14:25:42.346Z,,
0BT8VIf0zyU,0,142,car,2018-01-28T14:25:48.792Z,,
0Batjn0CNVE,0,143,car,2018-01-28T14:25:56.483Z,,
0ELH2u18Ixg,0,144,car,2018-01-28T14:26:02.227Z,,
0EZmW1QS57k,0,145,car,2018-01-28T14:26:07.327Z,,
0F7inwnWGAE,0,146,car,2018-01-28T14:26:12.076Z,,
0F9QSTPJues,0,147,car,2018-01-28T14:26:44.399Z,,
0FHaeT0uSPU,0,148,car,2018-01-28T14:26:47.396Z,,
0FPGZ7kjyHc,0,149,car,2018-01-28T14:26:55.188Z,,
0FTU4bbnLlw,0,150,car,2018-01-28T14:26:58.256Z,,
0FphWK9FJf4,0,151,car,2018-01-28T14:26:59.459Z,,
0GKNenkBsog,1,152,car,2018-01-28T14:27:25.482Z,56.125324,61.125324
0GOdj-NFT9A,0,153,car,2018-01-28T14:27:32.795Z,,
0GOhX3FqQn0,0,154,car,2018-01-28T14:27:36.057Z,,
0GXp5hu-I-A,0,155,car,2018-01-28T14:27:42.409Z,,
0Gal36CHm94,0,156,car,2018-01-28T14:27:47.100Z,,
0H81H-1s398,0,157,car,2018-01-28T14:27:53.701Z,,
0HhgtyvTys4,0,158,car,2018-01-28T14:27:57.798Z,,
0I59jkYrnzA,0,159,car,2018-01-28T14:28:02.074Z,,
0I9E6OafgoE,0,160,car,2018-01-28T14:28:07.432Z,,
0IVEEsJyRk0,0,161,car,2018-01-28T14:28:10.887Z,,
0Isufvz3vtg,0,162,car,2018-01-28T14:28:14.742Z,,
0JhYOSMDS5w,0,163,car,2018-01-28T14:28:19.050Z,,
0JxUW6X6VTA,0,164,car,2018-01-28T14:28:22.817Z,,
0KZqtV__wsI,0,165,car,2018-01-28T14:28:34.319Z,,
0KuSPIJ0Q-k,0,166,car,2018-01-28T14:28:44.745Z,,
0LVg1atBgT0,0,167,car,2018-01-28T14:28:50.726Z,,
0MGejR25j-Q,0,168,car,2018-01-28T14:28:54.302Z,,
0MrZYXlp4ko,0,169,car,2018-01-28T15:35:50.976Z,,
0NAFNUIJiek,0,170,car,2018-01-28T15:35:56.708Z,,
0NN0x0UcFVI,0,171,car,2018-01-28T15:35:57.936Z,,
0NgLxOGQPPM,1,172,car,2018-01-28T15:36:37.336Z,48.858262047683716,53.858262047683716
0O2cDoxCAhA,0,173,car,2018-01-28T15:36:43.346Z,,
0OH_ZVpw3dw,0,174,car,2018-01-28T15:36:44.604Z,,
0PlFe3erl18,0,175,car,2018-01-28T15:36:48.493Z,,
0Pu-qv3Myk0,0,176,car,2018-01-28T15:36:53.125Z,,
0Q2zQUU5Z7U,0,177,car,2018-01-28T15:36:57.704Z,,
